class,Second,Third,Fourth
Kurosawa,61.15789474,66.54761905,76.21568627
Aoyama,59.75925926,66.46666667,76.3125
Akai,63.9047619,72.38888889,82.44444444
Shirota,59.04761905,66.98039216,76.43589744
Midorikawa,58.26315789,66.21428571,78.47619048
