subject,Second,Third,Fourth
Subject_A,49.28571429,59.09638554,73.83928571
Subject_B,64.55952381,72.48192771,79.73214286
Subject_C,67.08333333,71.90361446,77.16071429
